url,Manufacturer,KSCdirect Part #,Category,MFG Part #,Details,Description,Supplier,UPC,Price,Title
https://kscdirect.com/item/IND%2B3%252F4%2BX%2B3%2B1%252F2%2BB7%2BSTUD%2BW%252F2H%2BNUTS/Approved%2BSupplier_3%252F4%2BX%2B3%2B1%252F2%2BB7%2BSTUD%2BW%252F2H%2BNUTS,Approved Supplier,IND 3/4 X 3 1/2 B7 STUD W/2H NUTS,New Items,,,No found,,,,3/4 X 3 1/2 B7 STUD W/2H NUTS
https://kscdirect.com/item/MCM%2B92676A495/Approved%2BSupplier_NUT%2BBRONZE%2B3%252F4-10%2B5%2BPACK,Approved Supplier,MCM 92676A495,New Items,,,No found,,,,NUT BRONZE 3/4-10 5 PACK
https://kscdirect.com/item/HOSE%2BSS%2BFLEX%2B2X12%2522OAL/Approved%2BSupplier_2%2522%2BX%2B12%2522%2BOAL%2B304%252F321%2BSS%2BBRAIDED%2BFLEX%2BHOSE%2BWITH%2BCS%2BBUTT%2BWELD%2BE%252FE,Approved Supplier,"HOSE SS FLEX 2X12""OAL",New Items,,,No found,,,,"2"" X 12"" OAL 304/321 SS BRAIDED FLEX HOSE WITH CS BUTT WELD E/E"
https://kscdirect.com/item/MCM%2B98535A160/Approved%2BSupplier_1095%2BSpring%2BSteel%2BMachine%2BKey%2BStock%252C%2B5%252F16%2522%2Bx%2B5%252F16,Approved Supplier,MCM 98535A160,New Items,,,No found,,,,"1095 Spring Steel Machine Key Stock, 5/16"" x 5/16"
https://kscdirect.com/item/IND%2B5%252F8%2BX%2B3%2B1%252F2%2BB7%2BSTUD%2BW%252F2H%2BNUTS/Approved%2BSupplier_5%252F8%2BX%2B3%2B1%252F2%2BB7%2BSTUD%2BW%252F2H%2BNUTS,Approved Supplier,IND 5/8 X 3 1/2 B7 STUD W/2H NUTS,New Items,,,No found,,,,5/8 X 3 1/2 B7 STUD W/2H NUTS
https://kscdirect.com/item/HOSE%2BASSY%2B2X7%2527%2BOAL/Approved%2BSupplier_2%2522%2B304SS%2BBRD%2BFLEX%2BHOSE%2B84%2522%2BOAL%2BW%252F150%2523%2BSS%2BFLANGE%2BX%2BFLOATING%2BFLANGE,Approved Supplier,HOSE ASSY 2X7' OAL,New Items,,,No found,,,,"2"" 304SS BRD FLEX HOSE 84"" OAL W/150# SS FLANGE X FLOATING FLANGE"
https://kscdirect.com/item/MCM%2B98535A150/Approved%2BSupplier_1095%2BSpring%2BSteel%2BMachine%2BKey%2BStock%252C%2B1%252F4%2522%2Bx%2B1%252F4%2522%252C,Approved Supplier,MCM 98535A150,New Items,,,No found,,,,"1095 Spring Steel Machine Key Stock, 1/4"" x 1/4"","
https://kscdirect.com/item/JOH%2BDROPSHIP%2BFEE/CDS-John%2BBlue%2BCompany_drop%2Bship%2Bto%2Bcustomer,CDS-John Blue Company,JOH DROPSHIP FEE,New Items,,,No found,,,,drop ship to customer
https://kscdirect.com/item/MCM%2B98535A170/Approved%2BSupplier_1095%2BSpring%2BSteel%2BMachine%2BKey%2BStock%252C%2B3%252F8%2522%2Bx%2B3%252F8%2522%252C,Approved Supplier,MCM 98535A170,New Items,,,No found,,,,"1095 Spring Steel Machine Key Stock, 3/8"" x 3/8"","
https://kscdirect.com/item/MOT%2BREXNORD%2B7300120%2BES60%2BELEMENT/Approved%2BSupplier_7300120%2BOMEGA%2BES%2BSERIES%2BFLEXIBLE%2BELEMENT,Approved Supplier,MOT REXNORD 7300120 ES60 ELEMENT,New Items,,,No found,,,,7300120 OMEGA ES SERIES FLEXIBLE ELEMENT
https://kscdirect.com/item/AQUAMATIC%2BK521-X221-14000/Approved%2BSupplier_1%2522%2BNORMALLY%2BOPEN%2BVALVE%2BW%252FEPDM%2BSEAL%252C%2BBUNA%2BDIAPHRAGM,Approved Supplier,AQUAMATIC K521-X221-14000,New Items,,,No found,,,,"1"" NORMALLY OPEN VALVE W/EPDM SEAL, BUNA DIAPHRAGM"
https://kscdirect.com/item/BRA%2B311000-11010375/BRAY%2BSALES%2BINC_Bray%2B10%2522%2BLug%2BStyle%2BBfly%2BValve%2BDI%2Bbody%2B316%2Bss%2BDisc%2BLever-operated,BRAY SALES INC,BRA 311000-11010375,New Items,,,No found,,,,"Bray 10"" Lug Style Bfly Valve DI body 316 ss Disc Lever-operated"
https://kscdirect.com/item/120%2BSERIES%2BECCENTRIC%2BPLUG%2BVALVE%2B10%2522/Approved%2BSupplier_10%2522%2BECC%2BPLUG%2BVALVE%252C%2BFLG%252C%2BCI%2BBODY%252C%2BANSI%2BW%252FHANDWHEEL,Approved Supplier,"120 SERIES ECCENTRIC PLUG VALVE 10""",New Items,,,No found,,,,"10"" ECC PLUG VALVE, FLG, CI BODY, ANSI W/HANDWHEEL"
https://kscdirect.com/item/08963928/Approved%2BSupplier_VENDOR%2BDROP%2BSHIP%2BFEE%2BTRICO%2BVENDOR%2BQIA,Approved Supplier,08963928,New Items,,,No found,,,,VENDOR DROP SHIP FEE TRICO VENDOR QIA
https://kscdirect.com/item/3%252F8%2BI.D.%2BSS%2BBRD%2BHOSE%2BW%252FPTFE%2BLINE/Approved%2BSupplier_ptfe%2Blined%2Bstainless%2Bbraided%2Bhose,Approved Supplier,3/8 I.D. SS BRD HOSE W/PTFE LINE,New Items,,,No found,,,,ptfe lined stainless braided hose
https://kscdirect.com/item/PARKER%2BPK3254MA01/PARKER%2BHANNIFAN%252CPIONEER%2BDIV_3.25%2BPISTON%2BSEAL%2BKIT,"PARKER HANNIFAN,PIONEER DIV",PARKER PK3254MA01,New Items,,,No found,,,,3.25 PISTON SEAL KIT
https://kscdirect.com/item/BRAY%2B301619-71500580/Approved%2BSupplier_B1%2BADAPTER%2BSLEEVE%2B301619-71500580,Approved Supplier,BRAY 301619-71500580,New Items,,,No found,,,,B1 ADAPTER SLEEVE 301619-71500580
https://kscdirect.com/item/BRAY%2B92-1280-532/Approved%2BSupplier_EPOXY%2BCOATED%2BDA%2BACTUATOR%2BNEED%2B100%2BPSI%2BTO%2BOPERATE,Approved Supplier,BRAY 92-1280-532,New Items,,,No found,,,,EPOXY COATED DA ACTUATOR NEED 100 PSI TO OPERATE
https://kscdirect.com/item/DRE%2B3038-0002-011/Dresser%2BIndustries_6%25E2%2580%259DID%25286.625%25E2%2580%259D%2529%2BStyle%2B0038%2BCoupling%2BGasket%2B1%252F2%2522,Dresser Industries,DRE 3038-0002-011,New Items,,,No found,,,,"6”ID(6.625”) Style 0038 Coupling Gasket 1/2"""
https://kscdirect.com/item/AVE%2BAVI1A0000088932/Approved%2BSupplier_4%2Bvalve%2Bstation%2Bassembly%2Bfrom%2Bour%2Bold%2BISO%2B5599-1%2B541%2Bseries%252C%2Bwith%2B5%252F2%2BSingl,Approved Supplier,AVE AVI1A0000088932,New Items,,,No found,,,,"4 valve station assembly from our old ISO 5599-1 541 series, with 5/2 Singl"
https://kscdirect.com/item/DUL%2BNP%2BST003-24/Approved%2BSupplier_24%2522%2BSTRAIGHT%2BWAND%252CNO%2BGRIP%2B6000PSI%2BRATING%2B1%252F4%2522%2BMPT,Approved Supplier,DUL NP ST003-24,New Items,,,No found,,,,"24"" STRAIGHT WAND,NO GRIP 6000PSI RATING 1/4"" MPT"
https://kscdirect.com/item/HOSE%2BSS%2BFLEX%2B2X36%2522/HOSE%2BTECHNOLOGY_2%2522X36%2522%2BOAL%2BSS%2BBRD%2BFLEX%2BHOSE%2BW%252FSS%2BHEX%2BMPT%2BE%252FE%252C%2BW%252FTAG%252C%2BPRES%254070F%252CMFG%252CDATE,HOSE TECHNOLOGY,"HOSE SS FLEX 2X36""",New Items,,,No found,,,,"2""X36"" OAL SS BRD FLEX HOSE W/SS HEX MPT E/E, W/TAG, PRES@70F,MFG,DATE"
https://kscdirect.com/item/FLG%2B600%2BBLIND%2B10%2BIMP/Approved%2BSupplier_IMP%2BFLG%2B600%2BBLIND%2B10%2522,Approved Supplier,FLG 600 BLIND 10 IMP,New Items,,,No found,,,,"IMP FLG 600 BLIND 10"""
https://kscdirect.com/item/DUL%2BNP%2BST003-18/Approved%2BSupplier_18%2522%2BSTRAIGHT%2BWAND%252CNO%2BGRIP%2B6000PSI%2BRATING%2B1%252F4%2522%2BMPT,Approved Supplier,DUL NP ST003-18,New Items,,,No found,,,,"18"" STRAIGHT WAND,NO GRIP 6000PSI RATING 1/4"" MPT"
https://kscdirect.com/item/FLX%2BHOSE%2BSS%2B1-1%252F4X61.10%2522%2B1-1%252F4%2522%2BMPT%2BSWIVEL%2BX%2B1-1%252F2%2BSAN/Approved%2BSupplier_1-1%252F4X%2B61.10%2522%2BSS%2BFLX%2BHOSE%253B%2B1-1%252F4%2BMPT%2BSWIVE%2BX%2B1-1%252F2%2BSANITARY%2BTRI%2BCLAMP,Approved Supplier,"FLX HOSE SS 1-1/4X61.10"" 1-1/4"" MPT SWIVEL X 1-1/2 SAN",New Items,,,No found,,,,"1-1/4X 61.10"" SS FLX HOSE; 1-1/4 MPT SWIVE X 1-1/2 SANITARY TRI CLAMP"
https://kscdirect.com/item/GPI%2BTM100%2B%2528GPITM10NQ9GMA%2529/JOHN%2BM.%2BELLSWORTH%2BCO.%252C%2BINC_water%2Bmeter%2Bgpm%2B1%2522%2Bfpt%2Bdigital,"JOHN M. ELLSWORTH CO., INC",GPI TM100 GPITM10NQ9GMA,New Items,,,No found,,,,"water meter gpm 1"" fpt digital"
https://kscdirect.com/item/HOSE%2BSS%2BFLEX%2B1-1%252F2X15%2BOAL/Approved%2BSupplier_1-1%252F2%2522%2BX%2B15%2522%2BOAL%2B304%252F321SS%2BBRD%2BFLEX%2BHOSE%2BW%252FSS%2BFPT%2BX%2BSS%2BMPT,Approved Supplier,HOSE SS FLEX 1-1/2X15 OAL,New Items,,,No found,,,,"1-1/2"" X 15"" OAL 304/321SS BRD FLEX HOSE W/SS FPT X SS MPT"
https://kscdirect.com/item/FLX%2BHOSE%2BSS80%2B304%2BUNION%2BENDS%2B1-1%252F4X48%2522/Approved%2BSupplier_1-1%252F4X48%2522%2BS.S.%2B304%2BFLEX%2BHOSE%2BW%252FUNION%2BENDS,Approved Supplier,"FLX HOSE SS80 304 UNION ENDS 1-1/4X48""",New Items,,,No found,,,,"1-1/4X48"" S.S. 304 FLEX HOSE W/UNION ENDS"
https://kscdirect.com/item/HOSE%2BSS%2BFLEX%2B2X48%2BMXFLG/Approved%2BSupplier_2%2522%2BX%2B48%2522%2BOAL%2B304%252F321%2BSS%2BBRD%2BFLEX%2BHOSE%2BW%252FSS%2BHEX%2BMPT%2BX%2B2%2522%2B150%2BSS%2BFLOATING%2BFLG,Approved Supplier,HOSE SS FLEX 2X48 MXFLG,New Items,,,No found,,,,"2"" X 48"" OAL 304/321 SS BRD FLEX HOSE W/SS HEX MPT X 2"" 150 SS FLOATING FLG"
https://kscdirect.com/item/HOSE%2BSS%2BFLEX%2B1%252F4X62%2522%2BOAL/Approved%2BSupplier_1%252F4%2522%2BX%2B62%2522%2BSS%2BBRD%2BFLEX%2BHOSE%252C%2BW%252F1%252F4%2522%2BSS%2BHEX%2BMPT%2BX%2BSS%2BFJX%2B3%252F8%2BSS%2BHEX%2BMPT%2BADPT,Approved Supplier,"HOSE SS FLEX 1/4X62"" OAL",New Items,,,No found,,,,"1/4"" X 62"" SS BRD FLEX HOSE, W/1/4"" SS HEX MPT X SS FJX 3/8 SS HEX MPT ADPT"
https://kscdirect.com/item/IMP%2B5%2BSTD%2B45/Approved%2BSupplier_STD%2BBW%2BIMP%2B45%2BIMP,Approved Supplier,IMP 5 STD 45,New Items,,,No found,,,,STD BW IMP 45 IMP
https://kscdirect.com/item/HUG%2BARPCAP310FF/ARMSTRONG%2BHUGHES_3%252F4%2BRF%2BFLANGE%2BCAP%2BMODEL%2B310%2BARMSTRONG%2BTRAP,ARMSTRONG HUGHES,HUG ARPCAP310FF,New Items,,,No found,,,,3/4 RF FLANGE CAP MODEL 310 ARMSTRONG TRAP
https://kscdirect.com/item/HOSE%2BSS%2BFLEX%2B4X18%2BOAL%2BF%252FF/Approved%2BSupplier_4%2522%2BX%2B18%2522%2BOAL%2BSS%2BBRD%2BFLEX%2BHOSE%2BW%252F150%2523%2BSS%2BRF%2BFIXED%2BFLG%2BX%2BFLOATING%2BFLG,Approved Supplier,HOSE SS FLEX 4X18 OAL F/F,New Items,,,No found,,,,"4"" X 18"" OAL SS BRD FLEX HOSE W/150# SS RF FIXED FLG X FLOATING FLG"
https://kscdirect.com/item/IND%2BSTUD%2BB7%2BW%252F2H%2BNUT%2BFOR%2B2%2522/Approved%2BSupplier_STUD%2BB7%2BW%252F2H%2BNUT%2BFOR%2B2%2522,Approved Supplier,"IND STUD B7 W/2H NUT FOR 2""",New Items,,,No found,,,,"STUD B7 W/2H NUT FOR 2"""
https://kscdirect.com/item/IND%2BFLG%2B150%2BFF%2BBLIND%2B3/Approved%2BSupplier_FLG%2B150%2BFF%2BBLIND%2B3,Approved Supplier,IND FLG 150 FF BLIND 3,New Items,,,No found,,,,FLG 150 FF BLIND 3
https://kscdirect.com/item/IND%2BSTUD%2B1%252F2X2-3%252F4%2BB7%2BW%252FNUT/Approved%2BSupplier_STUD%2B1%252F2%2522x2-3%252F4%2522%2BB7%2BW%2B2%2BNUTS,Approved Supplier,IND STUD 1/2X2-3/4 B7 W/NUT,New Items,,,No found,,,,"STUD 1/2""x2-3/4"" B7 W 2 NUTS"
https://kscdirect.com/item/IND%2B1%2BX%2B5%2BB7%2BSTUD%2BW%252F2H%2BNUTS/Approved%2BSupplier_1%2BX%2B5%2BB7%2BSTUD%2BW%252F2H%2BNUTS,Approved Supplier,IND 1 X 5 B7 STUD W/2H NUTS,New Items,,,No found,,,,1 X 5 B7 STUD W/2H NUTS
https://kscdirect.com/item/HUB%2B0220-03513/Approved%2BSupplier_catalog%2B66%2B1%252F1%2Ba%252Cb%2Bst,Approved Supplier,HUB 0220-03513,New Items,,,No found,,,,"catalog 66 1/1 a,b st"
https://kscdirect.com/item/HUG%2B0.50%2B12G2J-F223C-STK11%2BVALVE/ARMSTRONG%2BHUGHES_1%252F2%2BCONVAL%2BY%2BGLOBE%2BSTOP%2BSW%2BSA182%2BF22%2BBODY%2BYOKE,ARMSTRONG HUGHES,HUG 0.50 12G2J-F223C-STK11 VALVE,New Items,,,No found,,,,1/2 CONVAL Y GLOBE STOP SW SA182 F22 BODY YOKE
https://kscdirect.com/item/HUG%2BA21484/ARMSTRONG%2BHUGHES_1%252F2%2BCD-33%2BSTEAM%2BTRAP,ARMSTRONG HUGHES,HUG A21484,New Items,,,No found,,,,1/2 CD-33 STEAM TRAP
https://kscdirect.com/item/MAR%2BPIV-70-150%252F200/Approved%2BSupplier_1-1%252F2%2522%2BISOLATION%2BVALVE,Approved Supplier,MAR PIV-70-150/200,New Items,,,No found,,,,"1-1/2"" ISOLATION VALVE"
https://kscdirect.com/item/JOH%2BOPW891BRK/JOHN%2BM.%2BELLSWORTH%2BCO.%252C%2BINC_SIGHT%2BGLASS%2BREPAIR%2BKIT,"JOHN M. ELLSWORTH CO., INC",JOH OPW891BRK,New Items,,,No found,,,,SIGHT GLASS REPAIR KIT
https://kscdirect.com/item/KRI%2BRK0400K000/PARKER%2BHANNIFAN%252CPIONEER%2BDIV_Parker%2BSeal%2BKit,"PARKER HANNIFAN,PIONEER DIV",KRI RK0400K000,New Items,,,No found,,,,Parker Seal Kit
https://kscdirect.com/item/MCM%2B26015A361/Approved%2BSupplier_27X2%2BTAPER%2BMETRIC%2BTAP,Approved Supplier,MCM 26015A361,New Items,,,No found,,,,27X2 TAPER METRIC TAP
https://kscdirect.com/item/MAR%2BPIV-60-075%252F075/Approved%2BSupplier_3%252F4%2BISOLATION%2BVALVE,Approved Supplier,MAR PIV-60-075/075,New Items,,,No found,,,,3/4 ISOLATION VALVE
https://kscdirect.com/item/MCM%2B2307T81/Approved%2BSupplier_Steel%2BCastor%2B6%2522%2BDia%2B3%2522%2BWide,Approved Supplier,MCM 2307T81,New Items,,,No found,,,,"Steel Castor 6"" Dia 3"" Wide"
https://kscdirect.com/item/MAR%2BPIV-70-100%252F125/Approved%2BSupplier_1%2522%2BISOLATION%2BVALVE,Approved Supplier,MAR PIV-70-100/125,New Items,,,No found,,,,"1"" ISOLATION VALVE"
https://kscdirect.com/item/MCM%2B30555T46/Approved%2BSupplier_Rubber%2BCoated%2B304%2BSS%2BU-Bolt%2Bfor%2B3%2522%2BPipe%2B1%252F2%2522-13%2BThread%2BSize,Approved Supplier,MCM 30555T46,New Items,,,No found,,,,"Rubber Coated 304 SS U-Bolt for 3"" Pipe 1/2""-13 Thread Size"
https://kscdirect.com/item/MCM%2B6052K16/Approved%2BSupplier_Jaw%2BStyle%2BRoller%2BChain%2Bpuller%2B80-240%2BT-handle,Approved Supplier,MCM 6052K16,New Items,,,No found,,,,Jaw Style Roller Chain puller 80-240 T-handle
https://kscdirect.com/item/MCM%2B3603T41/Approved%2BSupplier_%252310%2BZINC%2BPLATED%2BJACK%2BCHAIN,Approved Supplier,MCM 3603T41,New Items,,,No found,,,,#10 ZINC PLATED JACK CHAIN
https://kscdirect.com/item/MID%2BFLX%2BMTL%2BSS80%2B1X10%2BMPT/Approved%2BSupplier_flx%2Bmtl%2B1x10%2Bmpt,Approved Supplier,MID FLX MTL SS80 1X10 MPT,New Items,,,No found,,,,flx mtl 1x10 mpt
https://kscdirect.com/item/MID%2BFLEXXMTL%2B3%252F4X24%2527%2527SS%2B3%252F4FJX%2BBOTH%2BENDS/Approved%2BSupplier_2x24%2527%2527FLEX%2BMETAL%2BLINES,Approved Supplier,MID FLEXXMTL 3/4X24''SS 3/4FJX BOTH ENDS,New Items,,,No found,,,,2x24''FLEX METAL LINES
https://kscdirect.com/item/MCM%2B8947T23%2B1%252F2%2522%2BOVAL-SHAPED%2BTHREADED%2BCONNECTING%2BLINK%252C%2BZINC-PLATED%2BSTEEL/Approved%2BSupplier_Oval-Shaped%2BThreaded%2BConnecting%2BLink%252C%2BZinc-Plated%2BSteel%252C%2B1%252F2%2522%2BThickness%252C%2B9%252F,Approved Supplier,"MCM 8947T23 1/2"" OVAL-SHAPED THREADED CONNECTING LINK, ZINC-PLATED STEEL",New Items,,,No found,,,,"Oval-Shaped Threaded Connecting Link, Zinc-Plated Steel, 1/2"" Thickness, 9/"
https://kscdirect.com/item/MID%2BFLX%2BMTL%2BSS80%2B1-1%252F4X18%2BMPT/Approved%2BSupplier_1-1%252F4x18%2Bss%2Bflex%2Bmtl%2Bmpt,Approved Supplier,MID FLX MTL SS80 1-1/4X18 MPT,New Items,,,No found,,,,1-1/4x18 ss flex mtl mpt
https://kscdirect.com/item/MID%2B12%2522%2BVICTAULIC%2B%252330%2B45%2BDEG%2BWYE%2BLATERAL%2BPAINTED/Approved%2BSupplier_12%2522%2BVICTAULIC%2B%252330%2B45%2BDEG%2BWYE%2BLATERAL%2BPAINTED,Approved Supplier,"MID 12"" VICTAULIC #30 45 DEG WYE LATERAL PAINTED",New Items,,,No found,,,,"12"" VICTAULIC #30 45 DEG WYE LATERAL PAINTED"
https://kscdirect.com/item/MID%2BFLX%2BMT%2BSS%2B1-1%252F4X24%2527%25271-1%252F4NPT%2BMALE%2B%252B1-1%252F4%2BNPT%2BMALE%2BSWIVEL/Approved%2BSupplier_SS%2B1-1%252F4X24%2527%2527%2BMPT%2BX%2BMPT%2BSWIVEL%2BEACH%2BEND,Approved Supplier,MID FLX MT SS 1-1/4X24''1-1/4NPT MALE +1-1/4 NPT MALE SWIVEL,New Items,,,No found,,,,SS 1-1/4X24'' MPT X MPT SWIVEL EACH END
https://kscdirect.com/item/MCM%2B91390A210/Approved%2BSupplier_Alloy%2BSteel%2BCup-Point%2BSet%2BScrew%252C%2BM20%2Bx%2B2.5%2Bmm%2BThread%252C%2B20%2Bmm%2BLong,Approved Supplier,MCM 91390A210,New Items,,,No found,,,,"Alloy Steel Cup-Point Set Screw, M20 x 2.5 mm Thread, 20 mm Long"
https://kscdirect.com/item/MID%2BFLEX%2BMETAL%2BHOSE%2B3%2522X20%2527%2BSS%2BMP%2BENDS/Approved%2BSupplier_3%2522x20%2527%2Bflex%2Bmetal%2Bhose%2Bwith%2BSS%2Bmp%2Bends,Approved Supplier,"MID FLEX METAL HOSE 3""X20' SS MP ENDS",New Items,,,No found,,,,"3""x20' flex metal hose with SS mp ends"
https://kscdirect.com/item/MID%2BFLEX%2BMETAL%2BHOSE%2B1-1%252F2X20FT/Approved%2BSupplier_1-1%252F2%2522x20ft%2Bflex%2Bmetal%2Bhose%2Bwith%2BMPxMP%2Bends,Approved Supplier,MID FLEX METAL HOSE 1-1/2X20FT,New Items,,,No found,,,,"1-1/2""x20ft flex metal hose with MPxMP ends"
https://kscdirect.com/item/MID%2B3%2522X3%252F4%2B240%2522%2BBRD%2BTRACE%2BASSY%2523150%2BFLG%2B1%2BFLT%2BW3%252F4%2BFPT/Approved%2BSupplier_3%2523x20FT%2BFLX%2BMETEAL%2BLINE%2B%2523150%2BFLG%2B3%252F4%2BFPT,Approved Supplier,"MID 3""X3/4 240"" BRD TRACE ASSY#150 FLG 1 FLT W3/4 FPT",New Items,,,No found,,,,3#x20FT FLX METEAL LINE #150 FLG 3/4 FPT
https://kscdirect.com/item/0312010%2BEXHAUST%2BMUFFLER/Approved%2BSupplier_ALLIED%2BWITAN%2BCO%2B0312010%2BEXHAUST%2BMUFFLER,Approved Supplier,0312010 EXHAUST MUFFLER,New Items,,,No found,,,,ALLIED WITAN CO 0312010 EXHAUST MUFFLER
https://kscdirect.com/item/PARKER%2BP3A-RN92YNNN/PARKER%2BHANNIFAN%252CPIONEER%2BDIV_Parker%2Bp3a-r%2Bregulators%2B-%2Bminiture,"PARKER HANNIFAN,PIONEER DIV",PARKER P3A-RN92YNNN,New Items,,,No found,,,,Parker p3a-r regulators - miniture
https://kscdirect.com/item/MSC%2B05302518/Approved%2BSupplier_1%2522%2BNPT%2BSTEEL%2BVIEWPORTS%2BWITH%2BBAFFLE,Approved Supplier,MSC 05302518,New Items,,,No found,,,,"1"" NPT STEEL VIEWPORTS WITH BAFFLE"
https://kscdirect.com/item/MSC%2B%2523209%252F215/Approved%2BSupplier_SPROCKET%2BGEAR%252FSHAFT%2BASSEMBLY%2BFOR%2BVertical%2BSaw%2B%252309514647,Approved Supplier,MSC #209/215,New Items,,,No found,,,,SPROCKET GEAR/SHAFT ASSEMBLY FOR Vertical Saw #09514647
https://kscdirect.com/item/MID%2BVICT%2BSTYLE%2B99%2B5%2522%2BT%2BGASKET/Approved%2BSupplier_VICT%2BSTYLE%2B99%2B5%2522%2BT%2BGASKET,Approved Supplier,"MID VICT STYLE 99 5"" T GASKET",New Items,,,No found,,,,"VICT STYLE 99 5"" T GASKET"
https://kscdirect.com/item/MID%2BVIC107%2B120/Approved%2BSupplier_12%2522%2B%2523107N-E%2BQUICKVIC%2BRIDGID%2BGROOVED%2BCOUPLING,Approved Supplier,MID VIC107 120,New Items,,,No found,,,,"12"" #107N-E QUICKVIC RIDGID GROOVED COUPLING"
https://kscdirect.com/item/MOT%2B7SX1-1%252F2%2BSURE%2BFLEX%2BFLANGE/Approved%2BSupplier_7S%2BSURE%2BFLEX%2BFLANGE,Approved Supplier,MOT 7SX1-1/2 SURE FLEX FLANGE,New Items,,,No found,,,,7S SURE FLEX FLANGE
https://kscdirect.com/item/MIL%2B01531-8-6PK/Milwaukee%2BCylinder_Viton%2Bseals%2Bkit,Milwaukee Cylinder,MIL 01531-8-6PK,New Items,01531-8-6PK,,Viton seals kit,Milwaukee Cylinder,,$811.97,Viton seals kit
https://kscdirect.com/item/MID%2BHOSE%2BSS%2BFLEX%2B1%252F4X30OAL/Approved%2BSupplier_HOSE%2B%252C%2BSS%2BBRD%2BFLEX%2B1%252F4%2522%2BX%2B30%2522%2BOAL%252C%2BFJX%2BE%252FE%2BW%252FMJXFPX%2BADAPTER%2BE%252FE,Approved Supplier,MID HOSE SS FLEX 1/4X30OAL,New Items,,,No found,,,,"HOSE , SS BRD FLEX 1/4"" X 30"" OAL, FJX E/E W/MJXFPX ADAPTER E/E"
https://kscdirect.com/item/6%2522MTL%2BFLX%2BLINE6%2522%2BFLGX11SS/Approved%2BSupplier_6%2BINCH%2BX%2B11%2BSS%2BFLEX%2BLINE%2B6%2522%2BFLANGES,Approved Supplier,"6""MTL FLX LINE6"" FLGX11SS",New Items,,,No found,,,,"6 INCH X 11 SS FLEX LINE 6"" FLANGES"
https://kscdirect.com/item/ADS%2BPROCESSING%2BFEE/Approved%2BSupplier_processing%2Bfee,Approved Supplier,ADS PROCESSING FEE,New Items,,,No found,,,,processing fee
https://kscdirect.com/item/ELK%2BLRAD%2B221955%2BDROP-IN%2BADA%2BACCESSIBLE%2BVANITY/ELKAY%2BMFG%2BCOMPANY_ELKAY%2BDROP-IN%2BADA%2BACCESSIBLE%2BVANITY,ELKAY MFG COMPANY,ELK LRAD 221955 DROP-IN ADA ACCESSIBLE VANITY,New Items,,,No found,,,,ELKAY DROP-IN ADA ACCESSIBLE VANITY
https://kscdirect.com/item/90%2BBW%2B2-1%252F2X2/Approved%2BSupplier_REDUCING%2BBW%2BELL%2BSTD%2B2-1%252F2X2,Approved Supplier,90 BW 2-1/2X2,New Items,,,No found,,,,REDUCING BW ELL STD 2-1/2X2
https://kscdirect.com/item/GRU%2B59896343%2BP1%2BPUMP/Approved%2BSupplier_non%2Bsubmersible%2Bcirculation%2Bpump%2B%2B%2B115v%2B1ph,Approved Supplier,GRU 59896343 P1 PUMP,New Items,,,No found,,,,non submersible circulation pump   115v 1ph
https://kscdirect.com/item/BRAY%2B2%2B31-375%2BLUG%2BB%252FF%2BVALVE%2BASSEMBLY/Approved%2BSupplier_2%2522%2BDI%252C%2BPOLYESTER%2BCOATED%252C%2BBF%2BVALVE%2BDISC-316%252C%2BSTEM-416%252C%2BEPDM-SEAT%2BW%252FLEVER%2BHDL,Approved Supplier,BRAY 2 31-375 LUG B/F VALVE ASSEMBLY,New Items,,,No found,,,,"2"" DI, POLYESTER COATED, BF VALVE DISC-316, STEM-416, EPDM-SEAT W/LEVER HDL"
https://kscdirect.com/item/FLX%2BMTL%2BHOSE%2B3%2522X11%2522%2BSS/Approved%2BSupplier_stainless%252C%2BMPT%2BBOTH%2BENDS,Approved Supplier,"FLX MTL HOSE 3""X11"" SS",New Items,,,No found,,,,"stainless, MPT BOTH ENDS"
https://kscdirect.com/item/HUB%2B0230-01608/Approved%2BSupplier_185%2B%2B25%252F1%2BA%2BWR%2B56C%2B1.000,Approved Supplier,HUB 0230-01608,New Items,,,No found,,,,185  25/1 A WR 56C 1.000
https://kscdirect.com/item/GRU%2B59896343%2BP1/Approved%2BSupplier_circulation%2Bpump,Approved Supplier,GRU 59896343 P1,New Items,,,No found,,,,circulation pump
https://kscdirect.com/item/HOM%2B602%2BCSA%2B4/Approved%2BSupplier_4%2522%2B602%2BFlanged%2BHomestead%2Bplug%2Bvalve%2Bfull%2Bport,Approved Supplier,HOM 602 CSA 4,New Items,,,No found,,,,"4"" 602 Flanged Homestead plug valve full port"
https://kscdirect.com/item/HOT%2BHEFTU199WCN/HOT%2BWATER%2BPRODUCTS%2BLLC_199%2BMBH%2BGAS%2BFIRE%2BTUBE%2BBLR,HOT WATER PRODUCTS LLC,HOT HEFTU199WCN,New Items,,,No found,,,,199 MBH GAS FIRE TUBE BLR
https://kscdirect.com/item/JCE%2B260.200%2B2%2522%2BFLGD%2BBULLSEYE%2BPLN%2BSIGHT%2BFLOW/Approved%2BSupplier_2%2522%2B316SS%2BFLGD%252C%2BZINC%2BRETAINER%252C%2BPLATED%2BSTEEL%2BBOLTING%252C%2BTEMPERED%2BBOROSILICATE,Approved Supplier,"JCE 260.200 2"" FLGD BULLSEYE PLN SIGHT FLOW",New Items,,,No found,,,,"2"" 316SS FLGD, ZINC RETAINER, PLATED STEEL BOLTING, TEMPERED BOROSILICATE"
https://kscdirect.com/item/HUG%2BCON%2B2%2522%2B12G2J-F228J-99-2%2BGLOBE%2BVALVE/ARMSTRONG%2BHUGHES_CON%2B2%2522%2B12G2J-F228J-99-2%2BGLOBE%2BVALVE%2BSW%2BY%2BVALVE,ARMSTRONG HUGHES,"HUG CON 2"" 12G2J-F228J-99-2 GLOBE VALVE",New Items,,,No found,,,,"CON 2"" 12G2J-F228J-99-2 GLOBE VALVE SW Y VALVE"
https://kscdirect.com/item/JMC%2BFMK-CE4%252F3BX2/Approved%2BSupplier_FMK-CE4%252F3BX2%2BAUTOMAX%2BCE4%2BTO%2BDURCO%2B3%2522BX2%2BMTG%2BKIT,Approved Supplier,JMC FMK-CE4/3BX2,New Items,,,No found,,,,"FMK-CE4/3BX2 AUTOMAX CE4 TO DURCO 3""BX2 MTG KIT"
https://kscdirect.com/item/HUG%2BNJ-RKN-109XT/ARMSTRONG%2BHUGHES_SVC%2BKIT%2BIN%2B40009F9N3A3,ARMSTRONG HUGHES,HUG NJ-RKN-109XT,New Items,,,No found,,,,SVC KIT IN 40009F9N3A3
https://kscdirect.com/item/JOH%2BTUKIT120BG/JOHN%2BM.%2BELLSWORTH%2BCO.%252C%2BINC_Fill-Rite%2BInlet%2BFlange%2BKit,"JOHN M. ELLSWORTH CO., INC",JOH TUKIT120BG,New Items,,,No found,,,,Fill-Rite Inlet Flange Kit
https://kscdirect.com/item/HUB%2BGR-B852-40-R/Approved%2BSupplier_Grove%2BGR-B852-40-R%2Bright%2Bangle%2Bgear%2Breducer%2BGR8520012.00,Approved Supplier,HUB GR-B852-40-R,New Items,,,No found,,,,Grove GR-B852-40-R right angle gear reducer GR8520012.00
https://kscdirect.com/item/JMC%2BFMK-CE4%252F4BX2%2BAUTOMAX%2BCE4%2BTO%2BDURCO%2B4%2522BX2%2BMTG%2BKIT/Approved%2BSupplier_FMK-CE4%252F4BX2%2BAUTOMAX%2BCE4%2BTO%2BDURCO%2B4%2522BX2%2BMTG%2BKIT,Approved Supplier,"JMC FMK-CE4/4BX2 AUTOMAX CE4 TO DURCO 4""BX2 MTG KIT",New Items,,,No found,,,,"FMK-CE4/4BX2 AUTOMAX CE4 TO DURCO 4""BX2 MTG KIT"
https://kscdirect.com/item/HUB%2B0332-00029/Approved%2BSupplier_COUPLING%252C%2BSPLINED,Approved Supplier,HUB 0332-00029,New Items,,,No found,,,,"COUPLING, SPLINED"
https://kscdirect.com/item/KRI%2B3912183005/PARKER%2BHANNIFAN%252CPIONEER%2BDIV_682%2Bplate%2B%2528035%2529%2Bseal%2Bretainer,"PARKER HANNIFAN,PIONEER DIV",KRI 3912183005,New Items,,,No found,,,,682 plate (035) seal retainer
https://kscdirect.com/item/KRI%2B2MSC4N-316/PARKER%2BHANNIFAN%252CPIONEER%2BDIV_Parker%2B%2B%2B1%252F8%2BIN%2BX%2B1%252F4%2BIN%2Btube%2Bfitting,"PARKER HANNIFAN,PIONEER DIV",KRI 2MSC4N-316,New Items,,,No found,,,,Parker   1/8 IN X 1/4 IN tube fitting
https://kscdirect.com/item/KRI%2B392P-4-4/PARKER%2BHANNIFAN%252CPIONEER%2BDIV_Parker%2BBulkhead%2BCoupler%2BBody%2B392P,"PARKER HANNIFAN,PIONEER DIV",KRI 392P-4-4,New Items,,,No found,,,,Parker Bulkhead Coupler Body 392P
https://kscdirect.com/item/KRI%2B6100-24/PARKER%2BHANNIFAN%252CPIONEER%2BDIV_COUPLER%2B%2526%2BNIPPLE%2BASSY,"PARKER HANNIFAN,PIONEER DIV",KRI 6100-24,New Items,,,No found,,,,COUPLER & NIPPLE ASSY
https://kscdirect.com/item/KRI%2B937583/PARKER%2BHANNIFAN%252CPIONEER%2BDIV_parker%2Bfilter,"PARKER HANNIFAN,PIONEER DIV",KRI 937583,New Items,,,No found,,,,parker filter
https://kscdirect.com/item/KRI%2B944493Q/PARKER%2BHANNIFAN%252CPIONEER%2BDIV_parker%2Bhigh%2Bpressure%2Bhydraulic%2Boil%2Bfilter%2Breplacement,"PARKER HANNIFAN,PIONEER DIV",KRI 944493Q,New Items,,,No found,,,,parker high pressure hydraulic oil filter replacement
https://kscdirect.com/item/KRI%2B3912681426/PARKER%2BHANNIFAN%252CPIONEER%2BDIV_parker%2Bseals,"PARKER HANNIFAN,PIONEER DIV",KRI 3912681426,New Items,,,No found,,,,parker seals
https://kscdirect.com/item/KRI%2B6100-16/PARKER%2BHANNIFAN%252CPIONEER%2BDIV_COUPLER%2B%2526%2BNIPPLE%2BASSY,"PARKER HANNIFAN,PIONEER DIV",KRI 6100-16,New Items,,,No found,,,,COUPLER & NIPPLE ASSY
https://kscdirect.com/item/KRI%2B787TC-16-RL/PARKER%2BHANNIFAN%252CPIONEER%2BDIV_1%2522-18752%2BDC-5000%2BPSI,"PARKER HANNIFAN,PIONEER DIV",KRI 787TC-16-RL,New Items,,,No found,,,,"1""-18752 DC-5000 PSI"
https://kscdirect.com/item/KRI%2B6A-C4L-10-BN-SS/PARKER%2BHANNIFAN%252CPIONEER%2BDIV_Parker%2Bcheck%2Bvalve,"PARKER HANNIFAN,PIONEER DIV",KRI 6A-C4L-10-BN-SS,New Items,,,No found,,,,Parker check valve
https://kscdirect.com/item/KRI%2B471ST-16-RL%2BPARKER/PARKER%2BHANNIFAN%252CPIONEER%2BDIV_Parker%2BHydraulic%2BHose%2B50%2Bft,"PARKER HANNIFAN,PIONEER DIV",KRI 471ST-16-RL PARKER,New Items,,,No found,,,,Parker Hydraulic Hose 50 ft
https://kscdirect.com/item/KRI%2B3912887212/PARKER%2BHANNIFAN%252CPIONEER%2BDIV_o-ring,"PARKER HANNIFAN,PIONEER DIV",KRI 3912887212,New Items,,,No found,,,,o-ring
https://kscdirect.com/item/KRI%2BD1VW020BNJW/PARKER%2BHANNIFAN%252CPIONEER%2BDIV_Parker%2BD1VW020BNJWSolenoid%2BActuated%2BDirectional%2BControl%2BValve%252C%2BCETOP%2B3%252C%2BB%252C,"PARKER HANNIFAN,PIONEER DIV",KRI D1VW020BNJW,New Items,,,No found,,,,"Parker D1VW020BNJWSolenoid Actuated Directional Control Valve, CETOP 3, B,"
https://kscdirect.com/item/KRI%2BHNVS4FF/PARKER%2BHANNIFAN%252CPIONEER%2BDIV_PARKER%2BHNVS4FF%2B-GR%2BNeedle%2BValve%252C%2BStraight%2BFitting%252C%2B6000%2Bpsi%252C%2B0.35%2BGPM%252C%2BFNPT,"PARKER HANNIFAN,PIONEER DIV",KRI HNVS4FF,New Items,,,No found,,,,"PARKER HNVS4FF -GR Needle Valve, Straight Fitting, 6000 psi, 0.35 GPM, FNPT"
https://kscdirect.com/item/KRI%2B95U-4-062-0500/PARKER%2BHANNIFAN%252CPIONEER%2BDIV_Tubing%252C%2B1%252F8%2BInch%2BInside%2BDiameter%252C%2BPolyurethane,"PARKER HANNIFAN,PIONEER DIV",KRI 95U-4-062-0500,New Items,,,No found,,,,"Tubing, 1/8 Inch Inside Diameter, Polyurethane"
https://kscdirect.com/item/KRI%2BIR4001SK4PXX4B/PARKER%2BHANNIFAN%252CPIONEER%2BDIV_Single%2BStage%252C%2BGeneral%2BPurpose%2BPressure%2BRegulator%2BInternally%2BThreadless%252C%2BSta,"PARKER HANNIFAN,PIONEER DIV",KRI IR4001SK4PXX4B,New Items,,,No found,,,,"Single Stage, General Purpose Pressure Regulator Internally Threadless, Sta"
https://kscdirect.com/item/KRI%2BL6653321157/PARKER%2BHANNIFAN%252CPIONEER%2BDIV_Parker%2Bvalve%2BL6653321157,"PARKER HANNIFAN,PIONEER DIV",KRI L6653321157,New Items,,,No found,,,,Parker valve L6653321157
https://kscdirect.com/item/KRI%2BHZ10Q3/PARKER%2BHANNIFAN%252CPIONEER%2BDIV_solenoid%2Bcoil%2Bonly,"PARKER HANNIFAN,PIONEER DIV",KRI HZ10Q3,New Items,,,No found,,,,solenoid coil only
https://kscdirect.com/item/KRI%2BFP518-10/PARKER%2BHANNIFAN%252CPIONEER%2BDIV_Parker%2BCARTRIDGE%2BFILTER%2BELEMENT%2BFULFLO%2B10%2BMICRO,"PARKER HANNIFAN,PIONEER DIV",KRI FP518-10,New Items,,,No found,,,,Parker CARTRIDGE FILTER ELEMENT FULFLO 10 MICRO
https://kscdirect.com/item/KRI%2BHP-503-MA-NR/PARKER%2BHANNIFAN%252CPIONEER%2BDIV_Parker%2BHP-503-MA-NR%2BHydraulic%2BPilot%2BPressure%2BValve%2B%25E2%2580%2593%2BHP%2BSeries,"PARKER HANNIFAN,PIONEER DIV",KRI HP-503-MA-NR,New Items,,,No found,,,,Parker HP-503-MA-NR Hydraulic Pilot Pressure Valve – HP Series
https://kscdirect.com/item/KRI%2BF800S/PARKER%2BHANNIFAN%252CPIONEER%2BDIV_Hydraulic%2Bflow%2Bcontrol%2Bvalve,"PARKER HANNIFAN,PIONEER DIV",KRI F800S,New Items,,,No found,,,,Hydraulic flow control valve
https://kscdirect.com/item/KRI%2BHNVS8A/PARKER%2BHANNIFAN%252CPIONEER%2BDIV_Parker%2BHNVS8A%2Bstraight%2Bneddle%2Bpattern%2Bhand%2Bvalve%2B1%252F2%2522%2B414%2Bbar%2B6000psi,"PARKER HANNIFAN,PIONEER DIV",KRI HNVS8A,New Items,,,No found,,,,"Parker HNVS8A straight neddle pattern hand valve 1/2"" 414 bar 6000psi"
https://kscdirect.com/item/KRI%2BSPD23N35/PARKER%2BHANNIFAN%252CPIONEER%2BDIV_Parker%2Bsubplate%2BSPD23N35,"PARKER HANNIFAN,PIONEER DIV",KRI SPD23N35,New Items,,,No found,,,,Parker subplate SPD23N35
https://kscdirect.com/item/LIN%2B12FS60%2BALT/Linn%2BGear%2BCompany_STEEL%2BSPUR%2BGEAR%252C%2B12DP%252C%2B14.5%2BDEG%2BP.A.%252C%2B60%2BTEETH%252C%2BWITH%2BHARDENED%2BTEETH%252C%2B1in%2Bb,Linn Gear Company,LIN 12FS60 ALT,New Items,,,No found,,,,"STEEL SPUR GEAR, 12DP, 14.5 DEG P.A., 60 TEETH, WITH HARDENED TEETH, 1in b"
https://kscdirect.com/item/KRI%2BNVH101KN/PARKER%2BHANNIFAN%252CPIONEER%2BDIV_Parker%2Bneedle%2Bflow%2Bcontrol%2Bvalves,"PARKER HANNIFAN,PIONEER DIV",KRI NVH101KN,New Items,,,No found,,,,Parker needle flow control valves
https://kscdirect.com/item/MCM%2B1243K113/Approved%2BSupplier_Moisture-Resistant%2BBearing%2BGrease%2Bwith%2BPolyurea,Approved Supplier,MCM 1243K113,New Items,,,No found,,,,Moisture-Resistant Bearing Grease with Polyurea
https://kscdirect.com/item/MAR%2B202702-06-06S/Approved%2BSupplier_06%2Bjic%2Bx%2B06%2Bunf%2Bmale%2Bstraight%2Badapter,Approved Supplier,MAR 202702-06-06S,New Items,,,No found,,,,06 jic x 06 unf male straight adapter
https://kscdirect.com/item/MAR%2B202702-06-04S/Approved%2BSupplier_04%2Bjic%2Bx%2B06%2Bunf%2Bmale%2Bstraight%2Badapter,Approved Supplier,MAR 202702-06-04S,New Items,,,No found,,,,04 jic x 06 unf male straight adapter
https://kscdirect.com/item/MAR%2B202702-04-06S/Approved%2BSupplier_06%2Bjic%2Bx%2B04%2Bunf%2Bmale%2Bstraight%2Badapter,Approved Supplier,MAR 202702-04-06S,New Items,,,No found,,,,06 jic x 04 unf male straight adapter
https://kscdirect.com/item/MAG%2BDROP%2BSHIP%2BFEE/MAG%2BDADDY%2BLLC_drop%2Bship%2Bfee,MAG DADDY LLC,MAG DROP SHIP FEE,New Items,,,No found,,,,drop ship fee
https://kscdirect.com/item/MAR%2B202702-12-12S/Approved%2BSupplier_12%2Bjic%2Bx%2B12%2Bunf%2Bmale%2Bstraight%2Badapter,Approved Supplier,MAR 202702-12-12S,New Items,,,No found,,,,12 jic x 12 unf male straight adapter
https://kscdirect.com/item/KRI%2BPARKER%2BSSH3-63Y/PARKER%2BHANNIFAN%252CPIONEER%2BDIV_PARKER%2BSSH3-63Y,"PARKER HANNIFAN,PIONEER DIV",KRI PARKER SSH3-63Y,New Items,,,No found,,,,PARKER SSH3-63Y
https://kscdirect.com/item/MCM%2B7353T14/Approved%2BSupplier_BRUSH%253AWIRE%252CTWISTED%252C5%252F8%2BIN%2BX%2B27%2BIN%252CSS%2BBRISTLE%252CLOOP%2BHANDLE%2BTools,Approved Supplier,MCM 7353T14,New Items,,,No found,,,,"BRUSH:WIRE,TWISTED,5/8 IN X 27 IN,SS BRISTLE,LOOP HANDLE Tools"
https://kscdirect.com/item/MID%2BFLEX%2BMTL%2BHOSE%2B6%2527%2527%2BSS%2BFXF/Approved%2BSupplier_FLEX%2BMETAL%2BHOSE%2B49-1%252F2%2527%2527,Approved Supplier,MID FLEX MTL HOSE 6'' SS FXF,New Items,,,No found,,,,FLEX METAL HOSE 49-1/2''
https://kscdirect.com/item/MID%2BNUMBER%2B30%2B12%2522%2BVIC%2BLATERAL/Approved%2BSupplier_12%2522%2B%252330%2BVICT%2BPAINTED%2BLATERAL,Approved Supplier,"MID NUMBER 30 12"" VIC LATERAL",New Items,,,No found,,,,"12"" #30 VICT PAINTED LATERAL"
https://kscdirect.com/item/MCM%2B6052K18/Approved%2BSupplier_Jaw-Style%2BRoller%2BChain%2BHolder%2BANSI%2BChain%2BNumbers%2B40%252C%2B50%252C%2B60%2Band%2B80%2BT%2Bhandle,Approved Supplier,MCM 6052K18,New Items,,,No found,,,,"Jaw-Style Roller Chain Holder ANSI Chain Numbers 40, 50, 60 and 80 T handle"
https://kscdirect.com/item/MCM%2B4179A134%2B120%2527%2522%2B1%2522%2BWIDE%2B6%252F10%2BTEETH%2BPER%2BINCH%2B0.035%2BTHICK/Approved%2BSupplier_Anti-Vibration%2BLong-Life%2BBand%2BSaw%2BBlades,Approved Supplier,"MCM 4179A134 120'"" 1"" WIDE 6/10 TEETH PER INCH 0.035 THICK",New Items,,,No found,,,,Anti-Vibration Long-Life Band Saw Blades
https://kscdirect.com/item/MIA%2BHE-Z-100-H-240V/Approved%2BSupplier_3.5-5.0%2BTon%2B240%2BVolt%2BVFD%2BBlower%2BModule%2BWith%2BHot%2BWater%2BCoils%2B1-Zone,Approved Supplier,MIA HE-Z-100-H-240V,New Items,,,No found,,,,3.5-5.0 Ton 240 Volt VFD Blower Module With Hot Water Coils 1-Zone
https://kscdirect.com/item/MID%2B107-120/Approved%2BSupplier_12%2522%2B107N-E%2BQUICKVIC%2BRIDGID%2BGROOVED%2BCOUPLING,Approved Supplier,MID 107-120,New Items,,,No found,,,,"12"" 107N-E QUICKVIC RIDGID GROOVED COUPLING"
https://kscdirect.com/item/MCM%2B91290A131%2B20M-2.5X25M%2BSOCKET%2BHEAD%2BCAP%2BSCREW/Approved%2BSupplier_20M-2.5X25M%2BSOCKET%2BHEAD%2BCAP%2BSCREW%2BBLACK%2BOXIDE%2B12.9%2BGRADE,Approved Supplier,MCM 91290A131 20M-2.5X25M SOCKET HEAD CAP SCREW,New Items,,,No found,,,,20M-2.5X25M SOCKET HEAD CAP SCREW BLACK OXIDE 12.9 GRADE
https://kscdirect.com/item/MEC%2B3000026/Approved%2BSupplier_Stainless%2BSteel%2BF%2B%2526%2BT%2BSteam%2BTrap,Approved Supplier,MEC 3000026,New Items,,,No found,,,,Stainless Steel F & T Steam Trap
https://kscdirect.com/item/MID%2BG1000770L1/Approved%2BSupplier_10%2522%2B77%2BFLUSHSEAL%2B6%2BGASKET,Approved Supplier,MID G1000770L1,New Items,,,No found,,,,"10"" 77 FLUSHSEAL 6 GASKET"
https://kscdirect.com/item/NIB%2BNLG807L/NIBCO%2BINC_LD3510C8%2B8%2BUL%252FFM%2BBFV%2BSIGNAL%2BCLOSED,NIBCO INC,NIB NLG807L,New Items,,,No found,,,,LD3510C8 8 UL/FM BFV SIGNAL CLOSED
https://kscdirect.com/item/MIN%2B41080-80000/MINNESOTA%2BFLEXIBLE%2BCORP_5%2522%2Bflanged%2B8%2Bbolt%2Bx6%2522,MINNESOTA FLEXIBLE CORP,MIN 41080-80000,New Items,,,No found,,,,"5"" flanged 8 bolt x6"""
https://kscdirect.com/item/PARKER%2B4M4F-RL4A-VT-SS-MN-KA/PARKER%2BHANNIFAN%252CPIONEER%2BDIV_1%252F4%2522%2BCONNECTION%2B25%2BPSI%2BSERIES%2BRELIEF%2BVALVE%2BRL4,"PARKER HANNIFAN,PIONEER DIV",PARKER 4M4F-RL4A-VT-SS-MN-KA,New Items,,,No found,,,,"1/4"" CONNECTION 25 PSI SERIES RELIEF VALVE RL4"
https://kscdirect.com/item/PAR%2B15CN110QEBM2GN1621/PARKER%2BHANNIFAN%252CPIONEER%2BDIV_15CN%2BSeries%2BMedium%2BPressure%2BFilter%2B1%2522%2Bnpt,"PARKER HANNIFAN,PIONEER DIV",PAR 15CN110QEBM2GN1621,New Items,,,No found,,,,"15CN Series Medium Pressure Filter 1"" npt"
https://kscdirect.com/item/PROTO%2BBLA%2BJK3808RF-TT/BLACKHAWK%2BHAND%2BTOOLS_Proto%25C2%25AE%2BTether-Ready%2BDuraTek%25E2%2584%25A2%2BSlotted%2BKeystone%2BRound%2BBar%2BScrewdriver%2B-%2B3,BLACKHAWK HAND TOOLS,PROTO BLA JK3808RF-TT,New Items,,,No found,,,,Proto® Tether-Ready DuraTek™ Slotted Keystone Round Bar Screwdriver - 3
https://kscdirect.com/item/RID%2BDROP%2BSHIP%2BFEE/RIDGID%2BTOOLS_dropship%2Bfee,RIDGID TOOLS,RID DROP SHIP FEE,New Items,,,No found,,,,dropship fee
https://kscdirect.com/item/MSC%2B56476062/Approved%2BSupplier_1%2522%2BNPT%2BMALE%2BSTEEL%2BOIL%2BSIGHT%2BWITH%2BBAFFLE%2BHEX%2BHEAD,Approved Supplier,MSC 56476062,New Items,,,No found,,,,"1"" NPT MALE STEEL OIL SIGHT WITH BAFFLE HEX HEAD"
https://kscdirect.com/item/PAR%2B15CN110QEBM2KS124/PARKER%2BHANNIFAN%252CPIONEER%2BDIV_Medium%2BPressure%2BInline%2BFilters%2BCN%2BSeries%2B1%2522,"PARKER HANNIFAN,PIONEER DIV",PAR 15CN110QEBM2KS124,New Items,,,No found,,,,"Medium Pressure Inline Filters CN Series 1"""
https://kscdirect.com/item/PAR%2B936700Q/PARKER%2BHANNIFAN%252CPIONEER%2BDIV_Filter%2BElement%253A%2B932679Q%252C%2BKKZ10%252C%2BFiberglass%2B10%2Bmicron,"PARKER HANNIFAN,PIONEER DIV",PAR 936700Q,New Items,,,No found,,,,"Filter Element: 932679Q, KKZ10, Fiberglass 10 micron"
https://kscdirect.com/item/REG%2BRK1003PE/REGAL%2BBELOIT%2BAMERICA%2B-%2BPTS_Browning%2BRK1003PE,REGAL BELOIT AMERICA - PTS,REG RK1003PE,New Items,,,No found,,,,Browning RK1003PE
https://kscdirect.com/item/SPE%2B59-010-12/Spears_1x12%2BPVC%2BSwing%2BJoint%2BRiser,Spears,SPE 59-010-12,New Items,,,No found,,,,1x12 PVC Swing Joint Riser
https://kscdirect.com/item/SPE%2B591-010-1A/Spears_1%2522%2BPVC%2BSwing%2BJoint%2B90%2BElbow%2BMBTXFBT,Spears,SPE 591-010-1A,New Items,,,No found,,,,"1"" PVC Swing Joint 90 Elbow MBTXFBT"
https://kscdirect.com/item/SMC%2BLEY16AC-30CM-R16N1/SMCPNEUMATICS.COM_actuator%252C%2Belectric%252C%2Bslider%252C%2BELECTRIC%2BACTUATOR,SMCPNEUMATICS.COM,SMC LEY16AC-30CM-R16N1,New Items,,,No found,,,,"actuator, electric, slider, ELECTRIC ACTUATOR"
https://kscdirect.com/item/SMC%2BVQ1230-5-C4-PR/SMCPNEUMATICS.COM_valve%252C%2Bsgl%252C%2Bflip%252C%2Bplug-in%2B%2528dc%2529%252C%2BVQ1000%252FVQ20%252FVQ30%2BVALVE,SMCPNEUMATICS.COM,SMC VQ1230-5-C4-PR,New Items,,,No found,,,,"valve, sgl, flip, plug-in (dc), VQ1000/VQ20/VQ30 VALVE"
https://kscdirect.com/item/WHI%2BCOUMS075%2B3%252F4/Approved%2BSupplier_MARTIN%2BSUPER%2BJAW%2BCOUPLING,Approved Supplier,WHI COUMS075 3/4,New Items,,,No found,,,,MARTIN SUPER JAW COUPLING
https://kscdirect.com/item/ULI%2BH-1854Y/Approved%2BSupplier_RUBBERMAID%25C2%25AE%2BBRUTE%25C2%25AE%2BTRASH%2BCAN%2B-%2B20%2BGALLON%252C%2BYELLOW,Approved Supplier,ULI H-1854Y,New Items,,,No found,,,,"RUBBERMAID® BRUTE® TRASH CAN - 20 GALLON, YELLOW"
https://kscdirect.com/item/SMC%2BVQ1231-5-C4/SMCPNEUMATICS.COM_valve%252C%2Bdbl%252C%2BVQ1000%252FVQ20%252FVQ30%2BVALVE,SMCPNEUMATICS.COM,SMC VQ1231-5-C4,New Items,,,No found,,,,"valve, dbl, VQ1000/VQ20/VQ30 VALVE"
